,age,job,marital,education,default,balance,housing,loan,contact,day,month,duration,campaign,pdays,previous,poutcome,y
0,40,blue-collar,married,secondary,no,239,yes,no,cellular,20,may,484,3,262,2,success,no
1,39,technician,single,secondary,no,56,yes,no,unknown,18,may,325,1,-1,0,unknown,no
2,32,management,married,tertiary,no,1258,no,no,cellular,3,aug,169,2,-1,0,unknown,no
3,28,management,single,tertiary,no,359,yes,no,unknown,12,may,1061,2,-1,0,unknown,no
4,33,blue-collar,single,secondary,no,-253,yes,no,unknown,20,may,192,1,-1,0,unknown,no
5,52,management,married,tertiary,no,7287,no,no,cellular,19,nov,31,2,184,2,failure,yes
6,48,blue-collar,married,secondary,no,322,yes,yes,cellular,18,jul,230,1,-1,0,unknown,no
7,28,management,married,tertiary,no,108,yes,no,cellular,7,may,342,1,-1,0,unknown,no
8,53,admin.,married,tertiary,no,-237,yes,no,cellular,20,jul,59,1,-1,0,unknown,no
9,46,retired,married,primary,no,1031,no,no,cellular,18,aug,121,1,-1,0,unknown,no
10,34,services,married,secondary,no,210,no,no,cellular,28,feb,94,6,-1,0,unknown,no
11,36,entrepreneur,married,secondary,no,132,no,no,cellular,23,jul,63,2,-1,0,unknown,no
12,47,blue-collar,divorced,secondary,no,1790,yes,no,cellular,3,feb,378,1,-1,0,unknown,no
13,34,technician,single,secondary,no,1428,no,no,unknown,7,may,270,4,-1,0,unknown,no
14,50,admin.,divorced,secondary,no,121,yes,no,unknown,29,nov,127,7,-1,0,unknown,no
15,37,unemployed,married,secondary,no,124,no,no,cellular,20,jun,288,1,-1,0,unknown,no
16,33,admin.,married,secondary,no,616,yes,no,cellular,29,feb,155,1,-1,0,unknown,no
17,44,management,married,tertiary,no,29,no,no,cellular,11,aug,160,4,-1,0,unknown,no
18,45,management,married,tertiary,no,1,no,no,cellular,19,aug,169,1,-1,0,unknown,no
19,42,technician,married,secondary,no,0,no,yes,cellular,12,aug,88,2,-1,0,unknown,no
20,42,management,married,tertiary,no,0,yes,no,unknown,22,may,130,1,-1,0,unknown,no
21,40,blue-collar,married,secondary,no,2494,yes,no,unknown,7,may,183,3,-1,0,unknown,no
22,39,management,married,tertiary,no,265,no,no,cellular,22,aug,63,1,-1,0,unknown,no
23,37,technician,married,secondary,no,362,yes,no,unknown,26,may,196,1,-1,0,unknown,yes
24,39,housemaid,single,secondary,no,231,no,no,unknown,14,may,41,2,-1,0,unknown,no
25,54,admin.,married,secondary,no,192,yes,no,unknown,25,may,79,2,-1,0,unknown,yes
26,30,blue-collar,married,primary,no,1531,no,no,cellular,6,aug,100,2,-1,0,unknown,no
27,25,admin.,married,secondary,no,0,yes,no,cellular,23,aug,185,2,-1,0,unknown,no
28,33,blue-collar,married,secondary,no,1,yes,no,cellular,18,jul,112,2,-1,0,unknown,no
29,33,blue-collar,married,primary,no,263,yes,no,cellular,12,jan,122,2,-1,0,unknown,no
30,54,admin.,married,secondary,no,1473,yes,no,unknown,19,may,60,4,-1,0,unknown,no
31,33,management,married,tertiary,no,1516,no,no,cellular,27,aug,82,1,-1,0,unknown,no
32,34,services,married,secondary,no,2,no,no,unknown,24,jun,102,1,-1,0,unknown,no
33,53,technician,married,secondary,no,231,yes,no,unknown,7,may,149,4,-1,0,unknown,no
34,48,blue-collar,married,primary,no,2074,yes,no,unknown,18,jun,244,2,-1,0,unknown,no
35,32,housemaid,single,tertiary,no,587,no,no,cellular,29,aug,150,2,-1,0,unknown,no
36,26,management,divorced,tertiary,no,962,no,no,cellular,16,aug,395,2,-1,0,unknown,no
37,34,management,married,tertiary,no,-275,no,no,cellular,5,aug,98,4,-1,0,unknown,no
38,40,management,single,tertiary,no,0,yes,no,unknown,27,jun,179,1,-1,0,unknown,yes
39,44,blue-collar,married,primary,no,2689,yes,no,unknown,13,may,241,3,-1,0,unknown,no
40,50,technician,married,secondary,no,551,no,no,unknown,14,jun,492,2,-1,0,unknown,no
41,38,blue-collar,married,primary,no,-452,no,no,cellular,20,apr,168,2,165,4,failure,no
42,31,admin.,married,secondary,no,4982,no,no,cellular,30,jul,83,1,-1,0,unknown,no
43,33,blue-collar,divorced,secondary,no,163,yes,no,unknown,16,may,103,1,-1,0,unknown,no
44,44,housemaid,married,secondary,no,48,yes,no,unknown,14,jun,180,3,-1,0,unknown,no
45,36,blue-collar,divorced,primary,no,234,no,no,unknown,24,may,132,1,-1,0,unknown,no
46,30,services,single,secondary,no,1012,yes,no,unknown,13,may,283,2,-1,0,unknown,no
47,43,management,married,tertiary,no,1414,yes,no,unknown,11,may,168,1,-1,0,unknown,no
48,53,technician,divorced,secondary,no,120,yes,no,unknown,18,may,233,2,-1,0,unknown,no
49,41,technician,married,secondary,no,327,yes,no,cellular,14,may,6,2,-1,0,unknown,no
50,49,blue-collar,married,unknown,no,239,no,no,unknown,13,may,211,2,-1,0,unknown,no
51,59,blue-collar,married,primary,no,591,yes,no,cellular,11,aug,134,1,-1,0,unknown,no
52,39,blue-collar,married,secondary,no,4122,no,no,unknown,15,jun,1207,2,-1,0,unknown,no
53,29,management,married,secondary,no,105,yes,no,cellular,5,aug,200,2,-1,0,unknown,no
54,29,blue-collar,married,primary,no,434,yes,no,unknown,8,may,152,1,-1,0,unknown,no
55,56,management,married,tertiary,no,3625,yes,no,unknown,12,may,127,3,-1,0,unknown,no
56,36,management,single,tertiary,no,417,no,yes,cellular,20,aug,268,2,-1,0,unknown,no
57,29,management,single,tertiary,no,1410,no,no,unknown,2,jun,69,2,-1,0,unknown,no
58,36,technician,married,secondary,no,1637,no,no,cellular,14,aug,66,2,-1,0,unknown,no
59,41,management,married,tertiary,no,105,no,no,cellular,28,aug,40,4,-1,0,unknown,no
60,27,management,married,tertiary,no,764,no,no,cellular,29,jul,45,2,-1,0,unknown,no
61,36,management,married,tertiary,no,655,no,no,cellular,27,aug,268,1,-1,0,unknown,no
62,52,admin.,married,secondary,no,121,no,no,cellular,21,jul,410,1,-1,0,unknown,no
63,60,admin.,married,secondary,no,1148,no,no,cellular,17,aug,159,1,-1,0,unknown,no
64,47,management,married,tertiary,no,192,yes,no,cellular,19,may,274,3,-1,0,unknown,no
65,50,services,married,secondary,no,1533,no,no,cellular,9,jul,198,2,-1,0,unknown,yes
66,34,technician,single,secondary,no,308,yes,no,unknown,28,may,79,1,-1,0,unknown,no
67,38,management,married,tertiary,no,1024,yes,no,unknown,13,may,97,2,-1,0,unknown,no
68,47,blue-collar,married,primary,no,361,yes,no,unknown,10,may,137,2,-1,0,unknown,no
69,36,blue-collar,married,primary,no,527,yes,no,unknown,13,may,112,1,-1,0,unknown,no
70,52,blue-collar,married,primary,no,282,yes,no,unknown,28,may,199,2,-1,0,unknown,no
71,41,self-employed,married,secondary,no,1695,yes,no,unknown,20,jun,78,1,-1,0,unknown,no
72,54,blue-collar,divorced,primary,no,2660,yes,no,cellular,21,nov,154,1,-1,0,unknown,no
73,47,blue-collar,married,primary,no,1137,yes,no,cellular,13,jul,106,1,-1,0,unknown,no
74,36,admin.,single,secondary,no,1238,yes,no,unknown,9,may,268,1,-1,0,unknown,no
75,57,management,married,tertiary,no,323,yes,no,cellular,20,may,215,1,-1,0,unknown,no
76,49,housemaid,married,primary,no,4636,no,no,cellular,23,aug,57,1,-1,0,unknown,no
77,36,blue-collar,single,secondary,no,309,yes,no,unknown,5,may,270,1,-1,0,unknown,no
78,31,management,divorced,tertiary,no,209,no,no,cellular,25,jul,120,2,-1,0,unknown,no
79,41,blue-collar,married,secondary,no,158,yes,no,unknown,15,may,149,1,-1,0,unknown,no
80,53,technician,married,secondary,no,1263,no,no,cellular,12,jul,253,1,-1,0,unknown,no
81,36,technician,married,secondary,no,353,no,no,cellular,25,aug,171,2,-1,0,unknown,no
82,35,management,married,tertiary,no,1092,no,no,cellular,14,aug,281,1,-1,0,unknown,no
83,47,management,single,tertiary,no,282,no,no,unknown,17,may,274,1,-1,0,unknown,yes
84,35,blue-collar,single,primary,no,199,no,no,cellular,22,jul,126,2,-1,0,unknown,no
85,37,technician,married,secondary,no,3026,yes,no,unknown,11,may,105,1,-1,0,unknown,no
86,37,retired,married,unknown,no,103,no,no,cellular,8,aug,76,1,-1,0,unknown,no
87,51,blue-collar,married,primary,no,159,no,no,cellular,30,apr,125,6,-1,0,unknown,no
88,33,management,single,tertiary,no,1254,yes,no,cellular,29,may,159,2,-1,0,unknown,yes
89,51,management,married,tertiary,no,1062,no,no,cellular,26,aug,428,5,-1,0,unknown,no
90,51,admin.,single,secondary,no,1195,no,no,unknown,10,may,287,1,-1,0,unknown,no
91,41,management,divorced,tertiary,no,446,yes,no,cellular,11,jul,403,2,-1,0,unknown,no
92,44,management,married,tertiary,no,0,yes,no,unknown,29,may,121,2,-1,0,unknown,no
93,37,housemaid,single,primary,no,93,no,no,unknown,1,jun,330,1,-1,0,unknown,no
94,46,admin.,single,secondary,no,130,yes,no,unknown,13,may,122,2,-1,0,unknown,no
95,47,blue-collar,married,primary,no,117,yes,no,unknown,12,jun,364,1,-1,0,unknown,no
96,28,admin.,married,secondary,no,3025,no,no,unknown,17,jun,78,2,-1,0,unknown,no
97,24,management,single,tertiary,no,933,no,no,cellular,2,apr,248,4,-1,0,unknown,no
98,44,admin.,married,secondary,no,195,no,no,cellular,26,aug,110,2,-1,0,unknown,no
99,34,blue-collar,married,secondary,no,7850,no,no,cellular,21,aug,147,1,-1,0,unknown,no
100,30,blue-collar,married,primary,no,154,yes,no,cellular,20,jul,124,4,-1,0,unknown,yes
101,41,admin.,married,secondary,no,1123,yes,no,cellular,3,may,542,2,347,1,failure,no
102,48,blue-collar,married,secondary,no,253,yes,no,unknown,28,jun,166,1,-1,0,unknown,no
103,37,management,married,tertiary,no,439,yes,no,unknown,4,may,12,1,-1,0,unknown,no
104,41,admin.,married,secondary,no,201,yes,no,cellular,17,nov,132,1,-1,0,unknown,no
105,34,management,single,tertiary,no,227,yes,no,cellular,28,feb,87,2,-1,0,unknown,no
106,59,blue-collar,married,unknown,no,358,yes,no,cellular,10,may,138,3,-1,0,unknown,no
107,45,blue-collar,married,unknown,no,200,no,no,unknown,11,jun,157,3,-1,0,unknown,no
108,41,services,married,secondary,no,194,yes,no,unknown,20,may,844,3,-1,0,unknown,no
109,35,retired,divorced,secondary,no,87,yes,no,cellular,12,may,57,2,-1,0,unknown,no
110,39,retired,married,secondary,no,178,yes,no,unknown,5,may,74,3,-1,0,unknown,no
111,47,management,married,secondary,no,719,no,no,cellular,4,feb,153,2,-1,0,unknown,yes
112,36,blue-collar,married,secondary,no,45,yes,no,unknown,18,may,591,2,-1,0,unknown,no
113,28,blue-collar,single,primary,no,163,no,no,cellular,2,feb,229,1,-1,0,unknown,no
114,52,retired,married,secondary,no,-71,no,no,cellular,17,nov,82,3,-1,0,unknown,no
115,35,self-employed,divorced,secondary,no,299,no,no,unknown,20,jun,55,3,-1,0,unknown,no
116,43,services,married,secondary,no,122,yes,no,cellular,18,may,241,1,130,1,failure,no
117,28,technician,single,secondary,no,1615,yes,no,unknown,18,may,404,1,-1,0,unknown,no
118,50,blue-collar,married,secondary,no,0,yes,no,unknown,12,may,60,2,-1,0,unknown,no
119,33,blue-collar,divorced,secondary,no,74,yes,no,unknown,6,may,62,1,-1,0,unknown,no
120,29,management,single,tertiary,no,403,no,no,unknown,20,jun,520,2,-1,0,unknown,no
121,54,services,single,secondary,no,814,yes,yes,unknown,12,may,262,4,-1,0,unknown,no
122,56,admin.,married,secondary,no,1681,yes,no,telephone,16,may,268,3,-1,0,unknown,no
123,49,blue-collar,married,primary,no,233,no,no,telephone,19,nov,31,6,-1,0,unknown,no
124,39,blue-collar,married,secondary,no,354,yes,no,unknown,20,may,345,2,-1,0,unknown,no
125,33,admin.,divorced,secondary,no,1505,yes,no,unknown,20,may,159,1,-1,0,unknown,no
126,34,student,single,tertiary,no,3050,no,yes,cellular,9,feb,1068,3,182,1,failure,no
127,51,admin.,married,secondary,no,836,yes,no,unknown,11,may,108,3,-1,0,unknown,no
128,34,management,married,tertiary,no,1316,no,yes,cellular,23,aug,117,12,-1,0,unknown,no
129,32,blue-collar,married,secondary,no,-356,no,no,cellular,13,jul,105,6,-1,0,unknown,no
130,36,blue-collar,married,secondary,no,201,yes,no,cellular,28,may,148,1,171,1,failure,no
131,46,management,married,tertiary,no,87,no,no,cellular,20,jul,138,2,183,2,failure,no
132,36,blue-collar,single,secondary,no,178,yes,no,cellular,2,may,139,2,178,15,success,no
133,25,blue-collar,single,secondary,no,631,no,no,cellular,17,nov,13,1,-1,0,unknown,no
134,52,management,married,tertiary,no,1088,no,no,cellular,28,nov,131,2,-1,0,unknown,no
135,31,blue-collar,divorced,primary,no,180,yes,no,cellular,16,apr,121,2,-1,0,unknown,no
136,35,management,single,tertiary,no,1377,no,no,cellular,13,aug,105,2,-1,0,unknown,no
137,46,management,married,tertiary,no,228,no,no,cellular,7,aug,137,2,-1,0,unknown,no
138,41,management,married,tertiary,no,1788,no,no,cellular,24,jul,8,1,-1,0,unknown,no
139,46,management,married,tertiary,no,2248,no,no,cellular,19,aug,113,1,-1,0,unknown,no
140,32,blue-collar,married,primary,no,114,yes,no,unknown,6,may,287,1,-1,0,unknown,no
141,37,admin.,single,secondary,no,1597,no,no,unknown,12,may,457,1,-1,0,unknown,no
142,51,blue-collar,divorced,secondary,no,33,yes,no,unknown,18,may,106,2,-1,0,unknown,no
143,60,retired,married,secondary,no,2289,yes,no,cellular,20,apr,98,5,144,1,failure,no
144,60,management,married,tertiary,no,1226,no,no,cellular,28,aug,77,1,-1,0,unknown,no
145,31,admin.,single,secondary,no,137,no,no,cellular,28,jan,205,1,-1,0,unknown,no
146,38,technician,married,secondary,no,1292,yes,no,unknown,24,may,159,2,-1,0,unknown,no
147,29,blue-collar,married,secondary,no,1421,yes,no,unknown,13,jun,151,1,-1,0,unknown,no
148,31,blue-collar,single,secondary,no,137,yes,no,cellular,13,may,581,1,-1,0,unknown,yes
149,42,self-employed,married,secondary,no,410,yes,no,unknown,9,may,148,3,-1,0,unknown,no
150,39,blue-collar,married,unknown,no,2064,yes,no,unknown,6,may,75,2,-1,0,unknown,no
151,31,blue-collar,single,secondary,no,294,yes,no,unknown,13,may,235,3,-1,0,unknown,no
152,42,services,married,secondary,no,426,yes,no,unknown,11,may,138,2,-1,0,unknown,no
153,33,blue-collar,married,primary,no,1371,yes,no,cellular,21,apr,115,3,-1,0,unknown,no
154,32,management,single,tertiary,no,1047,no,no,cellular,1,jul,101,2,-1,0,unknown,no
155,56,blue-collar,single,secondary,no,416,yes,no,unknown,21,may,293,2,-1,0,unknown,no
156,47,blue-collar,single,secondary,no,529,yes,no,cellular,5,jul,249,2,-1,0,unknown,no
157,56,blue-collar,married,secondary,no,3341,yes,no,cellular,26,feb,269,1,-1,0,unknown,no
158,45,technician,married,secondary,no,3832,yes,no,cellular,4,may,109,1,187,1,success,no
159,36,blue-collar,married,unknown,no,343,yes,no,cellular,28,jul,100,1,-1,0,unknown,no
160,33,technician,married,primary,no,1066,no,no,cellular,27,aug,159,2,-1,0,unknown,no
161,46,services,divorced,secondary,no,120,yes,no,unknown,24,may,162,3,-1,0,unknown,no
162,41,management,single,tertiary,no,1974,no,no,unknown,19,jun,1279,2,-1,0,unknown,no
163,49,admin.,divorced,secondary,no,1410,no,no,cellular,14,apr,197,3,-1,0,unknown,no
164,35,management,married,secondary,no,1392,yes,no,unknown,17,may,113,5,-1,0,unknown,no
165,40,blue-collar,married,secondary,no,143,yes,no,unknown,26,may,79,3,-1,0,unknown,no
166,31,management,single,tertiary,no,198,yes,no,cellular,28,nov,197,2,183,5,failure,no
167,32,blue-collar,single,secondary,no,3741,yes,no,unknown,20,may,325,2,-1,0,unknown,no
168,29,blue-collar,married,secondary,no,4606,no,no,cellular,13,aug,73,1,-1,0,unknown,no
169,35,management,married,tertiary,no,529,no,no,cellular,8,jul,841,1,-1,0,unknown,no
170,32,blue-collar,single,primary,no,2527,yes,no,cellular,16,may,623,2,-1,0,unknown,no
171,35,admin.,single,secondary,no,1837,no,no,unknown,7,jun,159,1,-1,0,unknown,no
172,55,blue-collar,married,secondary,no,150,yes,no,cellular,14,jul,216,1,-1,0,unknown,no
173,47,management,married,tertiary,no,0,no,no,cellular,2,aug,302,1,-1,0,unknown,no
174,35,technician,married,secondary,no,0,no,no,cellular,14,aug,136,1,334,1,failure,no
175,40,blue-collar,married,secondary,no,2121,yes,no,unknown,14,may,269,3,-1,0,unknown,no
176,37,admin.,single,secondary,no,426,no,no,cellular,25,aug,283,1,-1,0,unknown,no
177,25,services,married,secondary,no,114,yes,no,cellular,28,jul,133,3,-1,0,unknown,no
178,42,entrepreneur,married,secondary,no,254,yes,no,unknown,12,may,132,1,-1,0,unknown,no
179,42,management,married,tertiary,no,1513,no,no,cellular,24,aug,129,2,-1,0,unknown,no
180,47,management,married,tertiary,no,199,yes,no,unknown,26,may,264,1,-1,0,unknown,yes
181,35,management,married,tertiary,no,0,no,no,cellular,28,apr,320,1,-1,0,unknown,no
182,43,management,divorced,tertiary,no,63,no,no,telephone,18,feb,107,5,-1,0,unknown,no
183,34,admin.,married,secondary,no,418,no,no,cellular,22,may,66,1,230,1,failure,no
184,29,blue-collar,married,secondary,no,329,yes,yes,unknown,19,may,413,1,-1,0,unknown,no
185,52,student,divorced,secondary,no,1891,no,no,cellular,20,nov,274,1,-1,0,unknown,no
186,31,management,married,tertiary,no,1108,no,no,unknown,17,jun,125,1,-1,0,unknown,no
187,30,blue-collar,single,secondary,no,318,yes,no,unknown,24,may,53,2,-1,0,unknown,no
188,31,management,married,tertiary,no,650,no,no,cellular,9,aug,147,2,-1,0,unknown,no
189,35,management,single,tertiary,no,1286,no,no,unknown,26,jun,101,4,-1,0,unknown,no
190,39,management,single,tertiary,no,245,no,no,cellular,17,jul,132,6,-1,0,unknown,no
191,27,blue-collar,married,secondary,no,735,no,no,cellular,13,jul,280,2,-1,0,unknown,no
192,44,management,married,secondary,no,1478,yes,no,cellular,3,may,634,1,-1,0,unknown,no
193,57,blue-collar,divorced,secondary,no,2227,no,no,cellular,26,jul,122,1,-1,0,unknown,no
194,36,admin.,married,secondary,no,1,yes,no,unknown,20,may,50,1,-1,0,unknown,no
195,47,blue-collar,married,secondary,no,1,yes,no,cellular,19,may,96,1,-1,0,unknown,no
196,30,blue-collar,married,primary,no,573,no,no,unknown,16,may,247,2,-1,0,unknown,no
197,34,technician,married,secondary,no,458,no,no,unknown,18,jun,124,1,-1,0,unknown,no
198,29,blue-collar,married,secondary,no,456,no,no,unknown,21,may,23,2,-1,0,unknown,no
199,57,admin.,married,secondary,no,112,no,no,cellular,18,aug,131,1,-1,0,unknown,no
200,43,blue-collar,divorced,secondary,no,165,yes,no,unknown,17,may,167,3,-1,0,unknown,no
201,57,services,married,secondary,no,4,no,no,cellular,12,may,268,2,143,1,other,yes
202,57,retired,divorced,primary,no,1998,yes,no,unknown,16,may,283,2,-1,0,unknown,no
203,54,blue-collar,married,secondary,no,3453,yes,no,unknown,13,may,133,5,-1,0,unknown,no
204,28,management,married,tertiary,no,258,yes,no,cellular,16,may,399,2,-1,0,unknown,no
205,34,blue-collar,married,secondary,no,364,no,no,unknown,12,may,156,1,-1,0,unknown,no
206,50,technician,single,secondary,no,21,yes,no,cellular,19,jul,187,1,-1,0,unknown,no
207,32,entrepreneur,divorced,secondary,no,1013,no,no,cellular,17,jul,150,1,-1,0,unknown,no
208,36,blue-collar,divorced,secondary,no,1012,yes,no,unknown,30,may,150,2,-1,0,unknown,no
209,36,management,married,tertiary,no,1321,no,no,cellular,20,jul,464,2,181,1,success,no
210,55,retired,married,secondary,no,411,yes,no,unknown,13,may,219,3,-1,0,unknown,no
211,25,admin.,single,secondary,no,236,no,no,cellular,26,jul,107,1,-1,0,unknown,no
212,25,blue-collar,married,secondary,no,99,yes,no,unknown,20,may,707,8,-1,0,unknown,no
213,35,management,married,tertiary,no,1014,no,no,cellular,6,aug,71,3,-1,0,unknown,yes
214,29,management,married,tertiary,no,1377,no,no,cellular,17,nov,1288,1,-1,0,unknown,no
215,31,admin.,single,secondary,no,16,yes,no,cellular,5,may,909,1,-1,0,unknown,no
216,51,services,single,secondary,no,670,yes,no,unknown,24,may,209,1,-1,0,unknown,yes
217,35,admin.,single,secondary,no,2083,no,no,cellular,18,may,181,1,-1,0,unknown,no
218,32,admin.,single,secondary,no,1024,yes,no,unknown,30,may,224,1,-1,0,unknown,no
219,33,technician,married,secondary,no,800,yes,no,cellular,19,jul,464,1,-1,0,unknown,no
220,35,blue-collar,single,secondary,no,885,yes,no,cellular,29,jan,267,1,-1,0,unknown,no
221,36,management,married,tertiary,no,9,no,no,cellular,18,aug,159,2,-1,0,unknown,no
222,37,management,single,tertiary,no,1432,no,no,cellular,20,aug,176,2,-1,0,unknown,no
223,69,technician,single,secondary,no,1054,no,no,cellular,26,aug,498,1,-1,0,unknown,no
224,57,admin.,married,secondary,no,319,no,no,cellular,30,jul,59,2,-1,0,unknown,no
225,36,blue-collar,divorced,secondary,no,3022,yes,no,cellular,12,may,160,1,-1,0,unknown,no
226,50,admin.,married,secondary,no,0,no,no,cellular,18,aug,91,2,-1,0,unknown,no
227,32,admin.,single,secondary,no,166,no,no,cellular,19,feb,248,4,-1,0,unknown,no
228,55,self-employed,married,secondary,no,1095,yes,no,unknown,23,jun,123,2,-1,0,unknown,yes
229,55,blue-collar,divorced,primary,no,4695,no,no,cellular,30,may,424,2,-1,0,unknown,no
230,34,management,married,tertiary,no,131,yes,yes,unknown,26,may,231,1,-1,0,unknown,no
231,34,management,married,tertiary,no,250,no,no,cellular,25,may,501,5,-1,0,unknown,no
232,47,admin.,married,secondary,no,2251,no,no,cellular,12,nov,260,2,-1,0,unknown,no
233,46,blue-collar,married,secondary,no,2232,yes,no,unknown,8,may,284,1,-1,0,unknown,no
234,38,admin.,married,secondary,no,0,yes,no,cellular,19,nov,332,3,-1,0,unknown,no
235,47,retired,married,secondary,no,1049,no,no,cellular,14,jul,491,2,-1,0,unknown,no
236,36,management,married,tertiary,no,652,no,no,cellular,11,aug,23,2,-1,0,unknown,no
237,36,management,single,tertiary,no,227,yes,no,cellular,29,nov,136,1,-1,0,unknown,no
238,26,management,single,tertiary,no,1823,yes,no,cellular,25,aug,108,5,-1,0,unknown,no
239,57,retired,married,secondary,no,1323,yes,no,unknown,18,may,164,3,-1,0,unknown,no
240,49,management,married,tertiary,no,131,no,no,cellular,28,jul,179,1,-1,0,unknown,no
241,31,blue-collar,married,secondary,no,139,yes,no,unknown,22,may,414,1,-1,0,unknown,no
242,56,services,married,secondary,no,0,yes,yes,unknown,8,may,169,1,-1,0,unknown,no
243,51,services,married,secondary,no,133,yes,no,unknown,29,may,103,1,-1,0,unknown,no
244,28,student,single,secondary,no,1130,yes,yes,unknown,11,may,130,3,-1,0,unknown,no
245,49,retired,married,primary,no,4283,yes,no,cellular,12,may,205,4,-1,0,unknown,no
246,33,technician,single,secondary,no,2370,no,yes,cellular,28,jul,366,1,-1,0,unknown,no
247,29,management,single,tertiary,no,1686,no,no,cellular,24,aug,207,1,-1,0,unknown,no
248,51,management,married,tertiary,no,1492,no,no,cellular,14,aug,438,1,-1,0,unknown,no
249,57,blue-collar,married,secondary,no,169,yes,no,unknown,8,may,108,4,-1,0,unknown,no
250,50,technician,married,secondary,no,2460,no,no,unknown,24,jun,258,1,-1,0,unknown,no
251,32,blue-collar,single,unknown,no,221,yes,no,unknown,8,may,225,4,-1,0,unknown,no
252,49,management,married,tertiary,no,1151,no,no,cellular,12,aug,36,1,-1,0,unknown,no
253,35,blue-collar,single,primary,no,465,no,no,unknown,16,jun,266,1,-1,0,unknown,no
254,49,blue-collar,married,secondary,no,235,yes,no,unknown,14,may,134,3,-1,0,unknown,no
255,43,management,married,tertiary,no,1042,no,no,cellular,18,aug,163,1,-1,0,unknown,no
256,59,blue-collar,married,secondary,no,1689,yes,no,unknown,9,may,196,2,-1,0,unknown,no
257,44,technician,single,secondary,no,74,no,no,cellular,28,aug,244,1,-1,0,unknown,no
258,29,unemployed,divorced,secondary,no,1880,no,no,cellular,18,jul,139,4,-1,0,unknown,no
259,26,management,single,tertiary,no,417,no,no,cellular,2,feb,23,1,-1,0,unknown,no
260,32,management,married,tertiary,no,256,no,no,cellular,12,aug,83,1,-1,0,unknown,no
261,44,technician,divorced,tertiary,no,339,no,no,cellular,28,aug,67,1,-1,0,unknown,no
262,31,services,married,secondary,no,141,no,no,cellular,23,feb,189,6,-1,0,unknown,no
263,50,housemaid,married,secondary,no,768,no,no,cellular,26,jul,207,1,-1,0,unknown,no
264,51,services,divorced,secondary,no,824,no,no,telephone,18,jul,148,3,-1,0,unknown,no
265,51,blue-collar,married,secondary,no,-572,yes,no,cellular,28,jul,41,1,-1,0,unknown,no
266,41,blue-collar,married,secondary,no,1939,yes,no,unknown,25,may,1289,1,-1,0,unknown,no
267,48,blue-collar,married,primary,no,1994,yes,no,unknown,8,may,273,2,-1,0,unknown,no
268,51,blue-collar,married,secondary,no,1493,yes,no,unknown,28,may,138,1,-1,0,unknown,no
269,33,technician,married,secondary,no,7059,no,no,cellular,15,sep,298,1,-1,0,unknown,no
270,41,management,married,tertiary,no,1299,no,no,unknown,14,jun,69,3,-1,0,unknown,no
271,54,blue-collar,married,secondary,no,1027,yes,no,cellular,2,apr,109,1,-1,0,unknown,no
272,33,blue-collar,married,primary,no,151,yes,no,unknown,20,may,363,2,-1,0,unknown,no
273,30,management,married,tertiary,no,460,no,no,cellular,20,aug,82,2,-1,0,unknown,no
274,37,blue-collar,married,secondary,no,1667,yes,no,cellular,18,may,198,1,-1,0,unknown,no
275,32,admin.,married,secondary,no,270,no,yes,cellular,16,jul,167,6,-1,0,unknown,no
276,51,technician,single,tertiary,no,752,no,no,cellular,14,aug,169,2,-1,0,unknown,no
277,33,blue-collar,married,secondary,no,215,yes,no,cellular,16,may,288,2,336,7,failure,no
278,33,blue-collar,single,secondary,no,8,no,no,unknown,16,jun,1500,2,-1,0,unknown,no
279,37,services,single,secondary,no,87,yes,no,unknown,23,may,198,7,-1,0,unknown,no
280,54,admin.,married,secondary,no,1988,no,no,cellular,24,jul,416,4,-1,0,unknown,no
281,37,blue-collar,single,secondary,no,3921,yes,no,unknown,14,may,89,1,-1,0,unknown,no
282,37,blue-collar,married,secondary,no,-122,yes,no,cellular,20,may,265,1,-1,0,unknown,no
283,43,technician,divorced,secondary,no,18,no,no,unknown,10,may,12,4,-1,0,unknown,no
284,36,blue-collar,single,secondary,no,0,yes,no,unknown,18,may,166,2,-1,0,unknown,no
285,33,blue-collar,single,secondary,no,1029,no,no,cellular,27,jul,58,3,-1,0,unknown,no
286,28,admin.,married,secondary,no,1897,no,no,cellular,15,aug,261,1,-1,0,unknown,no
287,40,self-employed,married,tertiary,no,127,no,no,cellular,13,may,147,3,-1,0,unknown,no
288,47,services,single,secondary,no,544,no,no,unknown,14,jun,103,2,-1,0,unknown,no
289,36,services,single,secondary,no,776,yes,no,unknown,12,may,384,2,-1,0,unknown,no
290,52,blue-collar,married,primary,no,134,no,no,unknown,16,jun,1264,2,-1,0,unknown,no
291,36,management,married,tertiary,no,667,yes,no,unknown,16,may,248,1,-1,0,unknown,no
292,33,technician,single,secondary,no,1518,no,no,cellular,22,aug,356,2,-1,0,unknown,no
293,40,management,married,tertiary,no,1027,no,no,unknown,15,sep,73,2,-1,0,unknown,no
294,31,blue-collar,married,primary,no,1623,no,no,unknown,29,jun,231,2,-1,0,unknown,no
295,49,technician,divorced,secondary,no,370,no,no,unknown,16,jun,249,1,-1,0,unknown,no
296,32,technician,married,tertiary,no,104,yes,yes,cellular,13,may,529,1,-1,0,unknown,no
297,28,unemployed,single,secondary,no,1573,yes,no,unknown,26,jun,507,2,-1,0,unknown,no
298,29,admin.,married,secondary,no,510,yes,no,unknown,7,may,674,2,-1,0,unknown,no
299,34,blue-collar,married,secondary,no,1165,yes,no,cellular,23,jan,103,1,-1,0,unknown,no
300,31,entrepreneur,married,tertiary,no,1113,yes,no,unknown,17,may,168,2,-1,0,unknown,no
301,28,blue-collar,married,primary,no,1458,no,no,unknown,20,jun,213,1,-1,0,unknown,yes
302,33,admin.,single,secondary,no,746,no,yes,unknown,19,may,146,2,-1,0,unknown,no
303,33,management,single,tertiary,no,1681,yes,no,cellular,29,may,208,2,286,1,failure,no
304,32,blue-collar,divorced,secondary,no,1578,no,no,cellular,20,jun,183,1,-1,0,unknown,no
305,44,admin.,single,secondary,no,94,no,no,cellular,11,aug,131,1,-1,0,unknown,no
306,58,admin.,married,secondary,no,380,yes,no,cellular,29,may,174,5,-1,0,unknown,no
307,56,management,single,tertiary,no,1857,no,no,cellular,24,aug,76,2,-1,0,unknown,no
308,47,management,married,tertiary,no,548,yes,no,cellular,4,feb,118,2,-1,0,unknown,no
309,60,self-employed,married,secondary,no,776,yes,no,cellular,29,nov,140,2,-1,0,unknown,no
310,35,management,single,tertiary,no,0,no,no,cellular,21,jul,56,1,-1,0,unknown,no
311,39,management,single,tertiary,no,102,yes,no,cellular,28,jan,292,1,-1,0,unknown,no
312,38,management,single,tertiary,no,690,yes,no,cellular,31,apr,106,2,-1,0,unknown,no
313,40,blue-collar,married,primary,no,171,yes,no,cellular,12,may,143,2,-1,0,unknown,no
314,39,blue-collar,married,secondary,no,1149,yes,no,unknown,2,may,119,1,-1,0,unknown,no
315,30,management,married,tertiary,no,2756,no,no,cellular,24,jul,450,1,-1,0,unknown,no
316,44,housemaid,married,primary,no,0,no,no,telephone,12,feb,121,6,97,2,failure,no
317,50,blue-collar,divorced,secondary,no,853,no,no,unknown,16,jun,136,2,-1,0,unknown,no
318,47,management,married,tertiary,no,0,no,no,cellular,18,jul,39,2,-1,0,unknown,no
319,55,technician,married,secondary,no,190,yes,no,cellular,18,jul,213,1,-1,0,unknown,no
320,46,blue-collar,married,secondary,no,216,yes,no,cellular,21,may,78,2,-1,0,unknown,no
321,47,technician,married,secondary,no,100,no,no,cellular,25,aug,277,6,-1,0,unknown,no
322,44,blue-collar,married,secondary,no,196,yes,no,unknown,20,jun,187,3,-1,0,unknown,no
323,54,technician,married,secondary,no,51,no,no,unknown,18,may,118,1,-1,0,unknown,no
324,49,technician,married,secondary,no,448,yes,no,unknown,20,may,95,1,-1,0,unknown,no
325,51,technician,married,tertiary,no,1658,no,no,cellular,7,aug,284,2,167,1,failure,no
326,52,housemaid,married,secondary,no,498,yes,no,unknown,5,may,980,2,-1,0,unknown,no
327,47,blue-collar,married,primary,no,199,yes,no,unknown,29,may,213,1,-1,0,unknown,no
328,33,admin.,single,secondary,no,240,yes,no,cellular,16,may,121,1,172,1,success,yes
329,43,blue-collar,married,secondary,no,3052,no,no,cellular,14,feb,138,3,-1,0,unknown,no
330,27,admin.,single,secondary,no,1534,yes,no,cellular,13,may,166,1,-1,0,unknown,no
331,36,management,married,tertiary,no,251,yes,no,cellular,29,aug,262,1,-1,0,unknown,no
332,37,retired,divorced,secondary,no,228,no,no,unknown,9,may,253,1,-1,0,unknown,no
333,45,services,married,secondary,no,0,yes,no,unknown,27,may,468,1,-1,0,unknown,no
334,35,management,married,tertiary,no,522,no,no,cellular,20,aug,199,1,-1,0,unknown,no
335,38,management,married,tertiary,no,114,yes,no,unknown,28,may,414,1,-1,0,unknown,no
336,30,unemployed,married,secondary,no,2167,yes,no,cellular,20,jul,81,2,-1,0,unknown,no
337,36,student,single,secondary,no,1592,no,no,unknown,29,may,132,1,-1,0,unknown,no
338,36,admin.,divorced,secondary,no,330,no,no,cellular,19,nov,55,5,-1,0,unknown,no
339,40,blue-collar,married,primary,no,430,yes,no,unknown,5,may,129,2,-1,0,unknown,no
340,29,management,single,tertiary,no,351,no,no,unknown,26,jun,130,2,-1,0,unknown,no
341,38,services,married,secondary,no,10130,no,no,cellular,28,aug,114,2,-1,0,unknown,no
342,44,admin. __index_level_0__ is 22158,single,secondary,no,222,no,no,cellular,22,aug,184,2,-1,0,unknown,no
343,49,technician,married,secondary,no,3458,yes,no,unknown,17,sep,404,1,-1,0,unknown,no
344,48,management,single,tertiary,no,1310,no,no,cellular,22,jul,149,3,-1,0,unknown,no
345,50,admin.,married,secondary,no,252,no,no,cellular,5,feb,202,3,105,3,failure,no
346,44,entrepreneur,married,secondary,no,300,no,no,cellular,20,nov,157,3,-1,0,unknown,no
347,37,management,married,tertiary,no,1190,yes,no,cellular,19,nov,375,1,-1,0,unknown,no
348,31,blue-collar,married,secondary,no,1075,no,no,unknown,13,aug,122,1,-1,0,unknown,no
349,47,blue-collar,married,primary,no,1010,yes,no,unknown,4,jun,327,1,-1,0,unknown,no
350,33,management,single,tertiary,no,1627,no,no,unknown,10,jun,223,1,-1,0,unknown,yes
351,34,housemaid,married,secondary,no,97,no,no,telephone,23,jul,257,2,-1,0,unknown,no
352,37,blue-collar,married,primary,no,416,yes,no,cellular,29,jul,269,4,-1,0,unknown,no
353,37,blue-collar,married,secondary,no,1,yes,no,unknown,31,may,447,1,-1,0,unknown,yes
354,47,technician,married,secondary,no,494,yes,no,unknown,23,may,313,1,-1,0,unknown,no
355,29,management,married,tertiary,no,138,yes,no,cellular,6,apr,138,2,93,5,failure,no
356,34,blue-collar,married,secondary,no,1004,yes,yes,unknown,6,jun,451,1,-1,0,unknown,no
357,49,services,divorced,secondary,no,1352,no,no,unknown,4,jun,209,1,-1,0,unknown,no
358,36,technician,divorced,tertiary,no,2882,yes,no,cellular,13,may,236,1,-1,0,unknown,no
359,31,technician,single,secondary,no,8459,no,no,telephone,24,nov,163,1,-1,0,unknown,no
360,45,entrepreneur,married,secondary,no,1623,no,no,unknown,2,oct,282,1,-1,0,unknown,no
361,57,retired,married,secondary,no,12026,no,no,cellular,12,jul,287,2,-1,0,unknown,no
362,46,blue-collar,married,primary,no,179,yes,no,unknown,26,may,169,1,-1,0,unknown,no
363,55,retired,single,secondary,no,136,yes,no,cellular,18,may,298,2,-1,0,unknown,no
364,34,retired,divorced,secondary,no,118,yes,no,unknown,11,may,113,1,-1,0,unknown,no
365,43,self-employed,single,secondary,no,605,no,no,unknown,20,jun,688,1,-1,0,unknown,no
366,36,services,married,secondary,no,1454,no,no,cellular,29,jul,1043,4,-1,0,unknown,no
367,35,services,married,secondary,no,287,yes,no,unknown,25,may,318,5,-1,0,unknown,no
368,30,technician,married,secondary,no,1299,yes,no,cellular,13,may,219,2,-1,0,unknown,no
369,32,management,single,tertiary,no,121,yes,no,unknown,24,may,113,3,-1,0,unknown,no
370,47,blue-collar,married,secondary,no,2383,no,no,cellular,15,apr,1024,2,-1,0,unknown,no
371,33,housemaid,single,tertiary,no,291,no,no,unknown,14,jun,151,3,-1,0,unknown,no
372,37,management,married,tertiary,no,479,no,no,unknown,28,jun,156,3,-1,0,unknown,no
373,39,technician,divorced,secondary,no,164,no,no,cellular,17,aug,171,2,-1,0,unknown,no
374,33,technician,married,secondary,no,1006,yes,no,cellular,11,may,114,3,372,1,failure,no
375,47,management,married,tertiary,no,939,yes,no,cellular,24,jul,116,2,-1,0,unknown,no
376,46,services,married,secondary,no,376,no,no,cellular,5,feb,548,4,-1,0,unknown,no
377,30,blue-collar,married,secondary,no,27,yes,no,unknown,30,may,163,2,-1,0,unknown,no
378,42,unemployed,married,secondary,no,89,yes,no,unknown,29,may,451,1,-1,0,unknown,no
379,28,blue-collar,divorced,secondary,no,169,yes,no,cellular,19,nov,169,4,-1,0,unknown,no
380,30,technician,married,secondary,no,143,no,no,cellular,4,feb,279,1,184,2,failure,no
381,46,blue-collar,married,primary,no,413,yes,no,cellular,20,nov,178,1,-1,0,unknown,no
382,43,blue-collar,married,primary,no,1093,yes,no,unknown,18,jun,167,2,-1,0,unknown,yes
383,49,blue-collar,married,secondary,no,1424,yes,no,unknown,29,may,103,1,-1,0,unknown,no
384,36,services,divorced,secondary,no,289,no,no,unknown,4,may,127,3,-1,0,unknown,no
385,27,blue-collar,single,secondary,no,326,yes,no,unknown,14,may,128,1,-1,0,unknown,no
386,51,admin.,married,secondary,no,0,yes,no,unknown,18,may,112,1,-1,0,unknown,no
387,45,blue-collar,divorced,secondary,no,274,no,no,cellular,13,mar,210,1,364,2,failure,no
388,54,blue-collar,married,secondary,no,191,yes,no,cellular,19,may,390,1,-1,0,unknown,no
389,35,technician,married,secondary,no,1472,yes,no,cellular,11,jan,1264,1,-1,0,unknown,no
390,33,blue-collar,married,primary,no,590,yes,no,cellular,20,apr,143,1,-1,0,unknown,no
391,34,technician,married,secondary,no,1222,yes,no,cellular,10,nov,99,2,291,2,failure,no
392,29,services,married,secondary,no,4911,yes,yes,unknown,17,may,173,4,-1,0,unknown,no
393,20,blue-collar,married,secondary,no,510,no,no,cellular,22,jul,114,1,-1,0,unknown,no
394,35,technician,single,secondary,no,3090,no,no,cellular,13,jul,208,1,-1,0,unknown,no
395,37,self-employed,single,tertiary,no,3,no,no,unknown,2,jun,1021,1,-1,0,unknown,no
396,55,blue-collar,married,primary,no,369,yes,no,unknown,18,may,280,3,-1,0,unknown,no
397,27,management,married,tertiary,no,1427,yes,no,cellular,16,nov,168,2,-1,0,unknown,no
398,30,blue-collar,married,secondary,no,640,no,no,unknown,19,jun,71,1,-1,0,unknown,no
399,30,technician,single,secondary,no,461,yes,no,unknown,28,may,247,1,-1,0,unknown,no
400,52,services,married,secondary,no,1087,no,no,unknown,15,jun,130,2,-1,0,unknown,no
401,33,blue-collar,married,secondary,no,718,no,no,unknown,18,jun,218,1,-1,0,unknown,no
402,59,entrepreneur,divorced,tertiary,no,4767,yes,no,cellular,24,may,10,3,-1,0,unknown,no
403,36,admin.,married,secondary,no,220,no,yes,cellular,29,jul,81,2,-1,0,unknown,no
404,57,admin.,married,secondary,no,869,yes,no,unknown,25,may,363,5,-1,0,unknown,no
405,37,technician,single,secondary,no,306,no,no,cellular,29,apr,101,1,-1,0,unknown,no
406,34,admin.,married,secondary,no,1941,yes,no,unknown,29,may,448,1,-1,0,unknown,no
407,56,management,married,secondary,no,199,no,no,cellular,18,aug,234,1,-1,0,unknown,yes
408,40,management,married,tertiary,no,1311,yes,no,unknown,11,may,364,5,-1,0,unknown,no
409,44,management,married,tertiary,no,3330,no,no,cellular,23,aug,120,1,-1,0,unknown,no
410,47,management,married,tertiary,no,2068,no,no,cellular,29,jul,219,4,-1,0,unknown,no
411,41,management,single,tertiary,no,503,no,yes,cellular,18,jan,229,2,-1,0,unknown,no
412,48,technician,married,secondary,no,460,yes,no,unknown,14,may,51,1,-1,0,unknown,no
413,32,blue-collar,married,secondary,no,0,no,no,cellular,11,jul,152,1,-1,0,unknown,no
414,46,technician,married,secondary,no,276,no,no,cellular,9,aug,219,2,-1,0,unknown,no
415,29,management,single,tertiary,no,84,no,no,cellular,18,aug,195,2,-1,0,unknown,no
416,56,retired,married,primary,no,2305,no,no,cellular,15,apr,282,2,-1,0,unknown,no
417,55,housemaid,married,unknown,no,4300,yes,no,unknown,23,jun,72,1,-1,0,unknown,no
418,37,student,married,secondary,no,230,no,no,cellular,19,aug,240,1,-1,0,unknown,no
419,36,management,married,tertiary,no,108,no,no,cellular,20,aug,361,1,-1,0,unknown,no
420,55,blue-collar,married,secondary,no,440,yes,yes,unknown,29,may,195,1,-1,0,unknown,no
421,45,management,married,tertiary,no,216,no,no,unknown,14,jun,298,2,-1,0,unknown,no
422,55,management,married,tertiary,no,1723,no,yes,unknown,20,jun,139,1,-1,0,unknown,no
423,33,management,married,tertiary,no,264,yes,no,cellular,4,feb,213,2,-1,0,unknown,no
424,25,blue-collar,married,secondary,no,362,no,no,telephone,22,jul,306,5,-1,0,unknown,no
425,51,retired,married,secondary,no,869,no,yes,cellular,10,apr,166,2,-1,0,unknown,no
426,39,unemployed,single,tertiary,no,256,no,no,cellular,14,nov,618,1,-1,0,unknown,no
427,25,management,single,secondary,no,10134,no,no,cellular,4,feb,125,3,-1,0,unknown,no
428,60,retired,married,secondary,no,11660,no,no,cellular,28,may,116,2,-1,0,unknown,no
429,51,retired,married,primary,no,0,no,no,unknown,9,jun,147,1,-1,0,unknown,no
430,34,blue-collar,married,primary,no,5861,no,no,cellular,15,jul,112,1,-1,0,unknown,no
431,26,unemployed,married,primary,no,197,yes,no,cellular,18,apr,112,1,346,3,failure,no
432,34,admin.,married,secondary,no,381,no,no,unknown,8,may,398,1,-1,0,unknown,no
433,43,management,married,tertiary,no,514,no,no,cellular,25,nov,354,1,246,1,failure,no
434,37,blue-collar,married,secondary,no,-28,yes,no,cellular,8,jul,108,1,-1,0,unknown,no
435,38,services,single,secondary,no,565,yes,no,unknown,19,may,160,2,-1,0,unknown,no
436,61,technician,married,secondary,no,335,yes,no,unknown,17,may,139,1,-1,0,unknown,no
437,59,technician,single,tertiary,no,-242,no,no,cellular,14,aug,167,1,231,2,other,no
438,25,blue-collar,single,primary,no,992,yes,no,cellular,28,may,117,1,-1,0,unknown,no
439,35,blue-collar,single,secondary,no,387,yes,no,cellular,11,jan,210,1,-1,0,unknown,no
440,46,admin.,married,secondary,no,71,yes,no,cellular,16,may,151,2,-1,0,unknown,no
441,36,management,single,tertiary,no,1048,no,no,cellular,23,jul,122,2,-1,0,unknown,no
442,46,management,married,tertiary,no,8684,no,no,unknown,14,jun,99,2,-1,0,unknown,no
443,52,self-employed,married,tertiary,no,1135,yes,no,unknown,17,may,282,3,-1,0,unknown,no
444,30,blue-collar,single,secondary,no,97,no,no,cellular,16,aug,257,1,-1,0,unknown,no
445,59,admin.,married,secondary,no,15226,no,no,cellular,29,jun,105,1,-1,0,unknown,no
446,40,management,divorced,tertiary,no,358,yes,no,cellular,19,nov,106,3,333,3,failure,no
447,31,admin.,married,secondary,no,77,no,no,cellular,21,nov,133,5,-1,0,unknown,no
448,33,blue-collar,married,primary,no,8114,no,no,cellular,14,jul,74,2,-1,0,unknown,no
449,45,blue-collar,single,primary,no,348,yes,no,unknown,12,may,129,2,-1,0,unknown,no
450,56,admin.,married,secondary,no,80,no,no,cellular,25,jul,427,2,-1,0,unknown,yes
451,37,blue-collar,divorced,secondary,no,3445,no,no,cellular,11,jul,136,1,-1,0,unknown,no
452,38,admin.,married,secondary,no,589,yes,no,cellular,21,jul,154,1,-1,0,unknown,no
453,54,management,married,tertiary,no,1509,no,no,cellular,17,mar,116,2,-1,0,unknown,no
454,50,management,married,tertiary,no,1034,no,no,cellular,21,nov,107,2,-1,0,unknown,no
455,46,technician,single,secondary,no,1229,no,no,cellular,21,jun,162,2,-1,0,unknown,no
456,41,blue-collar,married,secondary,no,3419,yes,yes,unknown,6,may,410,2,-1,0,unknown,no
457,36,technician,married,secondary,no,404,yes,no,cellular,10,jul,751,2,-1,0,unknown,no
458,28,management,single,tertiary,no,517,no,no,cellular,16,jun,128,1,-1,0,unknown,no
459,47,management,single,tertiary,no,49,no,no,cellular,22,aug,267,2,-1,0,unknown,no
460,54,management,married,tertiary,no,132,no,no,telephone,11,aug,55,1,-1,0,unknown,no
461,30,student,single,tertiary,no,3252,no,no,cellular,2,feb,251,1,-1,0,unknown,no
462,43,management,married,tertiary,no,409,no,no,unknown,20,jun,159,1,-1,0,unknown,no
463,38,blue-collar,married,secondary,no,992,yes,no,unknown,20,may,158,2,-1,0,unknown,no
464,39,technician,married,secondary,no,389,yes,no,cellular,29,may,335,3,-1,0,unknown,no
465,38,services,married,secondary,no,3687,yes,no,cellular,7,may,134,1,-1,0,unknown,no
466,37,student,married,tertiary,no,501,yes,no,cellular,16,feb,143,2,-1,0,unknown,no
467,21,admin.,single,secondary,no,31,no,no,cellular,20,apr,407,1,-1,0,unknown,no
468,33,retired,married,tertiary,no,4722,yes,no,cellular,20,jul,341,1,-1,0,unknown,no
469,34,management,married,tertiary,no,2438,no,no,cellular,12,aug,198,1,-1,0,unknown,no
470,43,management,married,tertiary,no,108,no,no,cellular,19,jul,252,1,-1,0,unknown,yes
471,34,management,married,tertiary,no,1290,no,no,cellular,2,feb,131,2,-1,0,unknown,no
472,49,retired,divorced,secondary,no,0,no,no,unknown,15,jun,256,2,-1,0,unknown,no
473,42,blue-collar,married,secondary,no,368,yes,no,cellular,20,may,1281,1,-1,0,unknown,no
474,37,management,married,tertiary,no,706,no,no,unknown,21,oct,163,1,-1,0,unknown,no
475,54,retired,married,secondary,no,48,yes,no,cellular,21,nov,59,1,150,2,failure,no
476,35,technician,divorced,secondary,no,2072,yes,yes,unknown,28,may,144,2,-1,0,unknown,no
477,32,management,divorced,tertiary,no,726,no,no,cellular,19,aug,133,2,-1,0,unknown,no
478,31,blue-collar,married,primary,no,441,yes,no,unknown,29,may,111,1,-1,0,unknown,no
479,53,blue-collar,married,secondary,no,255,yes,no,unknown,28,may,258,4,-1,0,unknown,no
480,38,technician,single,secondary,no,1482,yes,no,cellular,23,aug,623,3,-1,0,unknown,no
481,38,services,married,secondary,no,118,no,no,unknown,4,may,148,1,-1,0,unknown,no
482,26,blue-collar,single,primary,no,1311,yes,no,unknown,7,may,51,1,-1,0,unknown,no
483,30,blue-collar,married,primary,no,121,no,no,cellular,12,aug,127,4,-1,0,unknown,no
484,41,technician,single,secondary,no,1144,yes,no,cellular,19,jul,146,2,-1,0,unknown,no
485,54,blue-collar,married,primary,no,16,yes,no,unknown,15,may,162,1,-1,0,unknown,no
486,35,blue-collar,married,secondary,no,163,no,no,unknown,1,jun,130,1,-1,0,unknown,no
487,46,blue-collar,single,secondary,no,0,yes,no,cellular,28,mar,52,1,261,5,failure,no
488,36,technician,married,tertiary,no,3314,yes,yes,cellular,21,nov,113,1,-1,0,unknown,no
489,35,blue-collar,married,primary,no,300,no,no,cellular,15,aug,8,1,-1,0,unknown,no
490,36,services,single,secondary,no,50,no,no,cellular,2,feb,590,2,372,1,failure,no
491,46,admin.,married,secondary,no,859,no,no,cellular,13,aug,17,1,-1,0,unknown,no
492,33,services,divorced,secondary,no,0,no,no,unknown,2,may,168,2,-1,0,unknown,no
493,54,technician,single,secondary,no,199,no,no,unknown,18,jun,9,4,-1,0,unknown,no
494,59,retired,married,secondary,no,428,yes,no,unknown,16,may,176,2,-1,0,unknown,no
495,47,blue-collar,single,secondary,no,260,yes,no,unknown,15,may,265,1,-1,0,unknown,no
496,32,management,married,tertiary,no,658,no,no,cellular,17,nov,141,1,169,4,failure,yes
497,32,blue-collar,married,primary,no,1188,yes,no,cellular,20,mar,158,2,307,5,failure,no
498,33,management,divorced,tertiary,no,196,no,no,cellular,4,feb,355,1,309,1,success,yes
499,37,admin.,married,secondary,no,361,yes,yes,unknown,20,may,77,1,-1,0,unknown,no
